<?xml version="1.0" encoding="utf-16"?>
<UserSettingsXml xmlns:xsi="http://www.w3.org/2001/XMLSchema-instance" xmlns:xsd="http://www.w3.org/2001/XMLSchema">
  <AuthType>Google</AuthType> <!-- Google/Ptc -->
  <DefaultLatitude>52.379189</DefaultLatitude> <!-- Default Amsterdam Central Station -->
  <DefaultLongitude>4.899431</DefaultLongitude> <!-- Default Amsterdam Central Station -->
  <DefaultAltitude>10</DefaultAltitude>
  <PtcPassword>pw</PtcPassword>
  <PtcUsername>username</PtcUsername>
  <GoogleUsername>username</GoogleUsername>
  <GooglePassword>pw</GooglePassword>
</UserSettingsXml>