<?xml version="1.0" encoding="utf-16"?>
<UserSettingsXml xmlns:xsi="http://www.w3.org/2001/XMLSchema-instance" xmlns:xsd="http://www.w3.org/2001/XMLSchema">
  <AuthType>Google</AuthType>
  <DefaultLatitude>52.379189</DefaultLatitude>
  <DefaultLongitude>4.899431</DefaultLongitude>
  <DefaultAltitude>10</DefaultAltitude>
  <PtcPassword>pw</PtcPassword>
  <PtcUsername>username</PtcUsername>
  <GoogleUsername>username</GoogleUsername>
  <GooglePassword>pw</GooglePassword>
  <ShowUsernameInTitle>false</ShowUsernameInTitle>
  <RequireURLConfirmation>true</RequireURLConfirmation>
  <AutoSniper>
    <MinCPToCatch>0</MinCPToCatch>
    <MinIVToCatch>0</MinIVToCatch>
    <Delay>10000</Delay>
    <CheckPokemon>true</CheckPokemon>
    <CatchEverything>false</CatchEverything> <!-- Pokemon has to be on PokemonToCatch list -->
    <PokemonToCatch>
      <PokemonId>Mew</PokemonId>
      <PokemonId>Mewtwo</PokemonId>
      <PokemonId>Zapdos</PokemonId>
      <PokemonId>Moltres</PokemonId>
      <PokemonId>Articuno</PokemonId>
      <PokemonId>Vaporeon</PokemonId>
      <PokemonId>Flareon</PokemonId>
      <PokemonId>Jolteon</PokemonId>
      <PokemonId>Charizard</PokemonId>
      <PokemonId>Blastoise</PokemonId>
      <PokemonId>Venusaur</PokemonId>
      <PokemonId>Raichu</PokemonId>
      <PokemonId>Nidoqueen</PokemonId>
      <PokemonId>Nidoking</PokemonId>
      <PokemonId>Clefable</PokemonId>
      <PokemonId>Ninetales</PokemonId>
      <PokemonId>Wigglytuff</PokemonId>
      <PokemonId>Vileplume</PokemonId>
      <PokemonId>Venomoth</PokemonId>
      <PokemonId>Dugtrio</PokemonId>
      <PokemonId>Golduck</PokemonId>
      <PokemonId>Primeape</PokemonId>
      <PokemonId>Arcanine</PokemonId>
      <PokemonId>Poliwrath</PokemonId>
      <PokemonId>Alakazam</PokemonId>
      <PokemonId>Machamp</PokemonId>
      <PokemonId>Victreebel</PokemonId>
      <PokemonId>Tentacruel</PokemonId>
      <PokemonId>Golem</PokemonId>
      <PokemonId>Rapidash</PokemonId>
      <PokemonId>Slowbro</PokemonId>
      <PokemonId>Magneton</PokemonId>
      <PokemonId>Farfetchd</PokemonId>
      <PokemonId>Dodrio</PokemonId>
      <PokemonId>Dewgong</PokemonId>
      <PokemonId>Grimer</PokemonId>
      <PokemonId>Muk</PokemonId>
      <PokemonId>Cloyster</PokemonId>
      <PokemonId>Haunter</PokemonId>
      <PokemonId>Gengar</PokemonId>
      <PokemonId>Onix</PokemonId>
      <PokemonId>Hypno</PokemonId>
      <PokemonId>Kingler</PokemonId>
      <PokemonId>Electrode</PokemonId>
      <PokemonId>Exeggutor</PokemonId>
      <PokemonId>Marowak</PokemonId>
      <PokemonId>Hitmonlee</PokemonId>
      <PokemonId>Hitmonchan</PokemonId>
      <PokemonId>Lickitung</PokemonId>
      <PokemonId>Weezing</PokemonId>
      <PokemonId>Rhydon</PokemonId>
      <PokemonId>Chansey</PokemonId>
      <PokemonId>Tangela</PokemonId>
      <PokemonId>Kangaskhan</PokemonId>
      <PokemonId>Seadra</PokemonId>
      <PokemonId>Starmie</PokemonId>
      <PokemonId>MrMime</PokemonId>
      <PokemonId>Scyther</PokemonId>
      <PokemonId>Jynx</PokemonId>
      <PokemonId>Electabuzz</PokemonId>
      <PokemonId>Magmar</PokemonId>
      <PokemonId>Pinsir</PokemonId>
      <PokemonId>Tauros</PokemonId>
      <PokemonId>Gyarados</PokemonId>
      <PokemonId>Lapras</PokemonId>
      <PokemonId>Ditto</PokemonId>
      <PokemonId>Porygon</PokemonId>
      <PokemonId>Omastar</PokemonId>
      <PokemonId>Kabutops</PokemonId>
      <PokemonId>Aerodactyl</PokemonId>
      <PokemonId>Snorlax</PokemonId>
      <PokemonId>Dragonair</PokemonId>
      <PokemonId>Dragonite</PokemonId>
    </PokemonToCatch>
  </AutoSniper>
</UserSettingsXml>